-- MySQL dump 10.13  Distrib 5.1.73, for redhat-linux-gnu (x86_64)
--
-- Host: localhost    Database: wobiancao
-- ------------------------------------------------------
-- Server version	5.1.73

/*!40101 SET @OLD_CHARACTER_SET_CLIENT=@@CHARACTER_SET_CLIENT */;
/*!40101 SET @OLD_CHARACTER_SET_RESULTS=@@CHARACTER_SET_RESULTS */;
/*!40101 SET @OLD_COLLATION_CONNECTION=@@COLLATION_CONNECTION */;
/*!40101 SET NAMES utf8 */;
/*!40103 SET @OLD_TIME_ZONE=@@TIME_ZONE */;
/*!40103 SET TIME_ZONE='+00:00' */;
/*!40014 SET @OLD_UNIQUE_CHECKS=@@UNIQUE_CHECKS, UNIQUE_CHECKS=0 */;
/*!40014 SET @OLD_FOREIGN_KEY_CHECKS=@@FOREIGN_KEY_CHECKS, FOREIGN_KEY_CHECKS=0 */;
/*!40101 SET @OLD_SQL_MODE=@@SQL_MODE, SQL_MODE='NO_AUTO_VALUE_ON_ZERO' */;
/*!40111 SET @OLD_SQL_NOTES=@@SQL_NOTES, SQL_NOTES=0 */;

--
-- Table structure for table `coupon`
--

DROP TABLE IF EXISTS `coupon`;
/*!40101 SET @saved_cs_client     = @@character_set_client */;
/*!40101 SET character_set_client = utf8 */;
CREATE TABLE `coupon` (
  `id` int(11) NOT NULL AUTO_INCREMENT,
  `shop_id` int(11) NOT NULL,
  `name` varchar(45) NOT NULL,
  `slogan` varchar(48) NOT NULL,
  `desp` varchar(512) DEFAULT NULL,
  `like` int(11) NOT NULL DEFAULT '100',
  `has_count` int(11) NOT NULL DEFAULT '100',
  `third_url` varchar(512) NOT NULL DEFAULT 'http://www.baidu.com',
  `coupon_category` int(11) NOT NULL DEFAULT '1',
  `datetime_begin` datetime NOT NULL,
  `datetime_end` datetime NOT NULL,
  PRIMARY KEY (`id`)
) ENGINE=InnoDB AUTO_INCREMENT=193 DEFAULT CHARSET=utf8;
/*!40101 SET character_set_client = @saved_cs_client */;

--
-- Dumping data for table `coupon`
--

LOCK TABLES `coupon` WRITE;
/*!40000 ALTER TABLE `coupon` DISABLE KEYS */;
INSERT INTO `coupon` VALUES (3,1,'八折优惠50次专车','20% Off','八折优惠50次专车，数量有限',80,101,'http://www.baidu.com',1,'2015-11-12 00:00:00','2014-11-13 00:00:01'),(4,2,'50元两台家电保养（过期测试）','50￥/ 2','50元两台家电保养，欲购从速啊亲',80,101,'http://www.baidu.com',2,'2015-10-10 00:00:00','2014-11-13 00:00:01'),(5,2,'50元两台家电保养','50￥/ 2',NULL,88,100,'http://www.baidu.com',2,'2015-11-12 00:00:00','2014-11-13 00:00:01'),(6,3,'满100减30纸巾券','30￥','满100减30纸巾券',60,100,'http://www.baidu.com',3,'2015-11-12 00:00:00','2014-11-13 00:00:01'),(7,3,'满200减80元纸巾券','80￥','绿化要做好',95,100,'http://www.baidu.com',3,'2015-11-12 00:00:00','2014-11-13 00:00:01'),(8,6,'滴滴百元优惠礼包','100元','滴滴百元优惠礼包1',284,108,'http://gsactivity.diditaxi.com.cn/gulfstream/activity/v2/giftpackage/index?channel=5b94c0048b1986e5b9a1e98d2c21164e',1,'2015-10-12 00:00:00','2014-11-13 00:00:01'),(9,7,'手机优惠券','80% Off','8折',198,102,'http://youhui.kfc.com.cn/mobile/',3,'2015-10-12 00:00:00','2014-11-13 00:00:01'),(10,8,'8元滴滴代驾红包','8元','8元滴滴代驾红包',191,101,'http://page.kuaidadi.com/market/a70uRzt2.html',1,'2015-10-12 00:00:00','2014-11-13 00:00:01'),(11,9,'图书300减100券','66％Off','图书300减100券',180,107,'http://www.amazon.cn/gp/b/ref=gwgfloorv1_BMVD_p_1?ie=UTF8&node=1550297071&tag=quanmama0d-23',3,'2015-10-12 00:00:00','2014-11-13 00:00:01'),(12,10,'百种优惠券','80%Off','百种优惠券',161,100,'http://www1.mcdonalds.com.cn/mclub/coupon_print2.aspx',3,'2015-10-12 00:00:00','2014-11-13 00:00:01'),(13,11,'20元优惠券领取','20元','20元优惠券领取',145,100,'http://hotels.ctrip.com/events/onlineduanabtestguoneijiudian20yuanhoufanyouhuiquanx1pc?allianceid=691&sid=763&ouid=000401app-185_83_0__1&utm_medium=&utm_campaign=&utm_source=&isctrip=#ctm_ref=hod_hp_ad_def_i_44',1,'2015-10-12 00:00:00','2014-11-13 00:00:01'),(14,6,'17元滴滴快车/专车优惠券','17元','17元滴滴快车/专车优惠券',142,103,'http://gsactivity.diditaxi.com.cn/gulfstream/activity/v2/giftpackage/index?channel=2affdb8262656b9b0254ee0069901aa9',1,'2015-10-12 00:00:00','2014-11-13 00:00:01'),(15,12,'10元通用电影抵用券','10元','10元通用电影抵用券',128,100,'http://h5.dianping.com/tuan/movie/cash.html?activityId=1120&amp;pageId=9090106',3,'2015-10-12 00:00:00','2014-11-13 00:00:01'),(16,13,'代金券红包低至6折','40％Off','代金券红包低至6折',117,100,'http://h.ele.me/baida?group_sn=5a254507bf3f2c8e6b281c2ecc847faf',3,'2015-10-12 00:00:00','2014-11-13 00:00:01'),(17,14,'5元优惠券','5元','5元优惠券',110,100,'http://mktm.10101111.com/html5/2015/overtime/index.html?WT.mc_mk=201401047&amp;openId=ZK%2FV3LEhYHA8Qzq1aX6KL1ROfm7jyS5nLuBVIeYmR2Q%3D',1,'2015-10-12 00:00:00','2014-11-13 00:00:01'),(18,15,'15元代金券','15元','15元代金券',98,100,'https://open.weixin.qq.com/connect/oauth2/authorize?appid=wx2106f9d6443e931a&redirect_uri=http%3A%2F%2Fwaimai.baidu.com%2Fhongbao%2Fwxactivity%3Fcaseid%3DHMTIwMzk3NDQ0%26sign%3D92b81d21c3369f2c7cd3c2879df328d2&response_type=code&scope=snsapi_base&state=123&connect_redirect=1#wechat_redirect',3,'2015-10-12 00:00:00','2014-11-13 00:00:01'),(19,16,'九周年万元红包','1万元','九周年万元红包',211,100,'http://voice2015.tuniu.com/topic/ninth-gift/index.html?p=17725',1,'2015-10-12 00:00:00','2014-11-13 00:00:01'),(20,17,'最高至12元优惠券','12元','最高至12元优惠券',91,101,'http://i.waimai.meituan.com/activity/commonAct/05899842D6FA47CD00551851D667594E?source=yqf&utm_campaign=AffProg&utm_medium=yqf&utm_source=p.yiqifa.com&utm_content=p.yiqifa.com%2Fl&utm_term=NDgwOTc3fDAwYmIzMmYxMDQ0MWYyZTc4OTYx&_rdt=1&urpid=NDgwOTc3fDAwYmIzMmYxMDQ0MWYyZTc4OTYx',3,'2015-10-12 00:00:00','2014-11-13 00:00:01'),(21,18,'30元优惠券','30元','30元优惠券',86,105,'http://wqs.jd.com/promote/201508/weekendgou/index.shtml?type=wx&PTAG=17053.1.1',2,'2015-10-12 00:00:00','2014-11-13 00:00:01'),(22,6,'滴滴又一百元优惠礼包','100元','滴滴百元优惠礼包2',80,101,'http://mktm.10101111.com/html5/2015/midautumn/get.html?WT.mc_mk=201401040',1,'2015-10-12 00:00:00','2014-11-13 00:00:01'),(29,6,'滴滴快车券(含礼包)','1元',NULL,134,149,'http://gsactivity.diditaxi.com.cn/gulfstream/activity/v2/giftpackage/index?channel=cf210c1737028e67bab9af3534061d3b',1,'2015-10-22 00:00:00','2014-11-13 00:00:01'),(30,6,'滴滴快车券(含礼包)','1元',NULL,100,78,'http://gsactivity.diditaxi.com.cn/gulfstream/activity/v2/giftpackage/index?channel=76bbe5c2ff63fe7aaa85365e1a8a2d79',1,'2015-10-22 00:00:00','2014-11-13 00:00:01'),(31,6,'滴滴快车券(含礼包)','1元',NULL,100,66,'http://gsactivity.diditaxi.com.cn/gulfstream/activity/v2/giftpackage/index?channel=444734cc5848a763f500cd12ecbf132e',1,'2015-10-22 00:00:00','2014-11-13 00:00:01'),(32,6,'滴滴快车券(含礼包)','1元',NULL,100,47,'http://gsactivity.diditaxi.com.cn/gulfstream/activity/v2/giftpackage/index?channel=a52066f702182e57720b99e72e07260d',1,'2015-10-22 00:00:00','2014-11-13 00:00:01'),(33,6,'滴滴快车券(含礼包)','15%Off',NULL,100,118,'http://gsactivity.diditaxi.com.cn/gulfstream/activity/v2/giftpackage/index?channel=0c57de5ee30ba6b92af3dae1afb693c2',1,'2015-10-22 00:00:00','2014-11-13 00:00:01'),(34,6,'滴滴专车券(随机得)','4-6元',NULL,100,19,'http://gsactivity.diditaxi.com.cn/gulfstream/activity/v2/giftpackage/index?channel=cd1f6f344c1df37188d9718b3a645c0b',1,'2015-10-22 00:00:00','2014-11-13 00:00:01'),(35,6,'滴滴专车券(随机得)','4-6元',NULL,100,35,'http://gsactivity.diditaxi.com.cn/gulfstream/activity/v2/giftpackage/index?channel=cd1f6f344c1df37188d9718b3a645c0b',1,'2015-10-22 00:00:00','2014-11-13 00:00:01'),(36,8,'代驾券(8天有效)','10元',NULL,100,79,'http://page.kuaidadi.com/market/a70uRzt2.html',1,'2015-10-22 00:00:00','2014-11-13 00:00:01'),(37,38,'代驾券（14天有效）','15元',NULL,100,93,'http://mktm.10101111.com/html5/2015/eshen/index.html?WT.mc_mk=201401048',1,'2015-10-22 00:00:00','2014-11-13 00:00:01'),(38,38,'代驾券（14天有效）','15元',NULL,100,80,'http://h5.edaijia.cn/activities/bd_1444974950#page-unbind',1,'2015-10-22 00:00:00','2014-11-13 00:00:01'),(39,38,'代驾券（14天有效）','9元',NULL,100,56,'http://h5.edaijia.cn/activities/bd_1442298046?state=#page-unbind',1,'2015-10-22 00:00:00','2014-11-13 00:00:01'),(40,38,'代驾券（14天有效）','9元',NULL,100,63,'http://h5.edaijia.cn/activities/bd_1442027360?code=0116867ad356a0d696a9d325d506d53-&state=#page-unbind',1,'2015-10-22 00:00:00','2014-11-13 00:00:01'),(41,38,'代驾券（14天有效）','15元',NULL,100,49,'http://h5.edaijia.cn/activities/bd_1444913162?code=04130d7818e3bafd08636b2a2d99e8e7&state=#page-unbind',1,'2015-10-22 00:00:00','2014-11-13 00:00:01'),(42,14,'神州专车券','17元',NULL,100,105,'http://mktm.10101111.com/html5/2015/eshen/index.html?WT.mc_mk=201401048#rd',1,'2015-10-22 00:00:00','2014-11-13 00:00:01'),(43,11,'酒店优惠券领取','20元',NULL,100,91,'http://hotels.ctrip.com/events/onlineduanabtestguoneijiudian20yuanhoufanyouhuiquanx1pc?allianceid=691&sid=763&ouid=000401app-185_83_0__1&utm_medium=&utm_campaign=&utm_source=&isctrip=#ctm_ref=hod_hp_ad_def_i_44',1,'2015-10-22 00:00:00','2014-11-13 00:00:01'),(44,35,'酒店优惠券（15天有效）','100元',NULL,100,36,'http://m.elong.com/ihotel/getActivity/?couponCode=XLBCE002&quanmamacom',1,'2015-10-22 00:00:00','2014-11-13 00:00:01'),(45,35,'红包大礼包（15天有效）','12%Off',NULL,100,29,'http://m.elong.com/ihotel/getRedPackage/?couponCode=QUANMA01,QUANMA02,QUANMA03,QUANMA04,QUANMA05&quanmamacom',1,'2015-10-22 00:00:00','2014-11-13 00:00:01'),(46,35,'酒店优惠券（15天有效）','50元',NULL,100,56,'http://m.elong.com/ihotel/getActivity/?couponCode=XLBCE001&quanmamacom',1,'2015-10-22 00:00:00','2014-11-13 00:00:01'),(47,35,'酒店优惠券（15天有效）','10%Off',NULL,100,53,'http://m.elong.com/ihotel/getActivity/?couponCode=XLBCE005&quanmamacom',1,'2015-10-22 00:00:00','2014-11-13 00:00:01'),(48,35,'酒店优惠券（15天有效）','200元',NULL,100,15,'http://m.elong.com/ihotel/getActivity/?couponCode=XLBCE003&quanmamacom',1,'2015-10-22 00:00:00','2014-11-13 00:00:01'),(49,16,'红包券（7天有效）','10元',NULL,100,14,'http://8.m.tuniu.com/msite/cash/get/a3?p=17445',1,'2015-10-22 00:00:00','2014-11-13 00:00:01'),(50,16,'红包大礼包（随机得）','10-30%Off',NULL,100,33,'http://voice2015.tuniu.com/topic/ninth-gift/index.html?p=17725',1,'2015-10-22 00:00:00','2014-11-13 00:00:01'),(51,16,'红包大礼包（随机得）','10-30%Off',NULL,100,44,'http://voice2015.tuniu.com/topic/ninth-gift/index.html?p=17614',1,'2015-10-22 00:00:00','2014-11-13 00:00:01'),(67,13,'外卖代金券(随机得)','1-6元',NULL,100,126,'http://h.ele.me/baida?group_sn=5e3f723d1da24d6cd7f9e1ffe0d7796b',2,'2015-10-22 00:00:00','2014-11-13 00:00:01'),(68,13,'外卖代金券(随机得)','1-6元',NULL,100,99,'http://h.ele.me/baida?group_sn=5e3f723d1da24d6cd7f9e1ffe0d7796b&from=singlemessage&isappinstalled=0',2,'2015-10-22 00:00:00','2014-11-13 00:00:01'),(69,13,'外卖代金券(随机得)','1-6元',NULL,100,27,'http://h.ele.me/baida?group_sn=5a254507bf3f2c8e6b281c2ecc847faf',2,'2015-10-22 00:00:00','2014-11-13 00:00:01'),(70,13,'外卖代金券(随机得)','1-6元',NULL,100,58,'http://h.ele.me/baida?group_sn=6eb48eb812fde804934aa3ca72ece775&openid=oFH7hsveuUFJgC8tWM6cNg2Z7wdI',2,'2015-10-22 00:00:00','2014-11-13 00:00:01'),(71,15,'外卖代金券(随机得)','1-15元',NULL,100,92,'https://open.weixin.qq.com/connect/oauth2/authorize?appid=wx2106f9d6443e931a&redirect_uri=http%3A%2F%2Fwaimai.baidu.com%2Fhongbao%2Fwxactivity%3Fcaseid%3DHMTIwMzk3NDQ0%26sign%3D92b81d21c3369f2c7cd3c2879df328d2&response_type=code&scope=snsapi_base&state=123&connect_redirect=1#wechat_redirect',2,'2015-10-22 00:00:00','2014-11-13 00:00:01'),(72,15,'外卖代金券(随机得)','1-15元',NULL,100,101,'http://waimai.baidu.com/hongbao/noractivity?caseid=HODExODE2NjA=&sign=cef5d93610bce3723c5487a72ca20774&qq-pf-to=pcqq.c2c ',2,'2015-10-22 00:00:00','2014-11-13 00:00:01'),(73,15,'外卖代金券(随机得)','1-15元',NULL,100,30,'https://open.weixin.qq.com/connect/oauth2/authorize?appid=wx2106f9d6443e931a&redirect_uri=http%3A%2F%2Fwaimai.baidu.com%2Fhongbao%2Fwxactivity%3Fcaseid%3DHMTIwMzk3NDQ0%26sign%3D92b81d21c3369f2c7cd3c2879df328d2&response_type=code&scope=snsapi_base&state=123&connect_redirect=1#wechat_redirect',2,'2015-10-22 00:00:00','2014-11-13 00:00:01'),(74,17,'外卖代金券(随机得)','1-6元',NULL,100,152,'http://i.waimai.meituan.com/activity/commonAct/8E65786212E2F31560FCD8AA4F45F253?source=yqf&utm_campaign=AffProg&utm_medium=yqf&utm_source=p.yiqifa.com&utm_content=p.yiqifa.com%2Fl&utm_term=NDgwOTc3fDAwZjIxODdlNTc3ZGZjZjFlYWU1&_rdt=1&urpid=NDgwOTc3fDAwZjIxODdlNTc3ZGZjZjFlYWU1',2,'2015-10-22 00:00:00','2014-11-13 00:00:01'),(75,17,'外卖代金券(随机得)','1-6元',NULL,100,47,'http://i.waimai.meituan.com/activity/commonAct/0FA99EF8022158822C2A8524612E3DF8?source=yqf&utm_campaign=AffProg&utm_medium=yqf&utm_source=p.yiqifa.com&utm_content=p.yiqifa.com%2Fl&utm_term=NDgwOTc3fDAwMDlmMDc4Y2Q4Njg0NWEyZTE3&_rdt=1&urpid=NDgwOTc3fDAwMDlmMDc4Y2Q4Njg0NWEyZTE3',2,'2015-10-22 00:00:00','2014-11-13 00:00:01'),(76,17,'外卖代金券(随机得)','1-6元',NULL,100,65,'http://i.waimai.meituan.com/activity/commonAct/09CD46E0027572A1E5975B4667E258B1?source=yqf&utm_campaign=AffProg&utm_medium=yqf&utm_source=p.yiqifa.com&utm_content=p.yiqifa.com%2Fl&utm_term=NDgwOTc3fDAwYTFkMmZmOWIyMTVjZGY2MWYy&_rdt=1&urpid=NDgwOTc3fDAwYTFkMmZmOWIyMTVjZGY2MWYy',2,'2015-10-22 00:00:00','2014-11-13 00:00:01'),(77,17,'外卖代金券(随机得)','1-6元',NULL,100,35,'http://i.waimai.meituan.com/activity/commonAct/891903F5B3D1F0428ECBEF0BCDBE4921?source=yqf&utm_campaign=AffProg&utm_medium=yqf&utm_source=p.yiqifa.com&utm_content=p.yiqifa.com%2Fl&utm_term=NDgwOTc3fDAwMThkYzQ0MmRmMTEzYmE2MTM2&_rdt=1&urpid=NDgwOTc3fDAwMThkYzQ0MmRmMTEzYmE2MTM2',2,'2015-10-22 00:00:00','2014-11-13 00:00:01'),(78,10,'电子券大礼包（限时段）','20%Off',NULL,100,83,'http://www1.mcdonalds.com.cn/mclub/coupon_print2.aspx',2,'2015-10-22 00:00:00','2014-11-13 00:00:01'),(79,7,'电子券大礼包（限时段）','20%Off',NULL,100,105,'http://youhui.kfc.com.cn/mobile/',2,'2015-10-22 00:00:00','2014-11-13 00:00:01'),(80,37,'下午茶优惠券（15天有效）','4元',NULL,92,93,'http://mp.weixin.qq.com/s?__biz=MjM5Mjc2ODg5MQ==&mid=206773473&idx=5&sn=321e68a5c6768363fabbddc24e388034&scene=1&srcid=ZoEcSnfBd7NqHcp9V470&key=b410d3164f5f798e2ac6abd9ae46f8839e82237cdf539523121d73f76bc898154a4601c103990faa42934be9f910db06&ascene=0&uin=MjQ4NTc1NjU%3D&devicetype=iMac+MacBookPro8%2C1+OSX+OSX+10.10.4+build(14E46)&version=11020012&pass_ticket=WfGJzW2iEnJgUKBgZr%2FAfr5TAH21KS2cpIsEZMZde6Y%3D',2,'2015-10-22 00:00:00','2014-11-13 00:00:01'),(81,37,'经典餐品优惠（15天有效）','5元',NULL,12,12,'http://mp.weixin.qq.com/s?__biz=MjM5Mjc2ODg5MQ==&mid=206773473&idx=4&sn=04fdad0730504085fdc66bb57c32a8cd&scene=1&srcid=E5FY7apoGnVW6oTAEE2F&key=b410d3164f5f798e004c64962e6d150c87fcac6ac4f4fcd1d0e801eb12f2303bbe693ff7d33595663db84727dae67d56&ascene=0&uin=MjQ4NTc1NjU%3D&devicetype=iMac+MacBookPro8%2C1+OSX+OSX+10.10.4+build(14E46)&version=11020012&pass_ticket=WfGJzW2iEnJgUKBgZr%2FAfr5TAH21KS2cpIsEZMZde6Y%3D',2,'2015-10-22 00:00:00','2014-11-13 00:00:01'),(82,36,'9折会员卡（通用券）','10%Off',NULL,72,73,'http://chuantu.biz/t2/13/1442986283x-1566638327.jpg',2,'2015-10-22 00:00:00','2014-11-13 00:00:01'),(83,40,'天猫优惠券（通用券）','5元',NULL,100,25,'https://taoquan.taobao.com/coupon/unify_apply_result_tmall.htm?seller_id=392147177&success=false&need_check=false&need_ok=true&activity_id=9a4c74a7eed0430c9e9c1229e9fb1b52&apply_source=daily&is_collina_check=false&ok_str=%D6%DC%BA%DA%D1%BC%CA%B3%C6%B7%C6%EC%BD%A2%B5%EA+5.00%D4%AA%B5%EA%C6%CC%D3%C5%BB%DD%84%BB',2,'2015-10-22 00:00:00','2014-11-13 00:00:01'),(84,40,'天猫优惠券（通用券）','10元',NULL,100,34,'https://taoquan.taobao.com/coupon/unify_apply_result_tmall.htm?seller_id=392147177&success=false&need_check=false&need_ok=true&activity_id=6b3bf29500d343f78a8c4f5a6b60f003&apply_source=daily&is_collina_check=false&ok_str=%D6%DC%BA%DA%D1%BC%CA%B3%C6%B7%C6%EC%BD%A2%B5%EA+10.00%D4%AA%B5%EA%C6%CC%D3%C5%BB%DD%84%BB',2,'2015-10-22 00:00:00','2014-11-13 00:00:01'),(89,12,'在线选座抵用券（15天有效）','10元',NULL,100,151,'http://h5.dianping.com/tuan/movie/cash.html?activityId=1120&amp;pageId=9090106',3,'2015-10-22 00:00:00','2014-11-13 00:00:01'),(90,12,'在线选座抵用券（15天有效）','10元',NULL,100,210,'http://b.wepiao.com/hongbao/index.html?pid=%FD%D8i%E1%03%10%3E%D4&channelid=3',3,'2015-10-22 00:00:00','2014-11-13 00:00:01'),(91,12,'《九层妖塔》抵用券（15天有效）','20元',NULL,100,67,'http://b.wepiao.com/hongbao/index.html?pid=%80%7F%EE%BB%12%B0S%25&channelid=3&chid=100&val_id=%D4%F0m%F7B%19%89%D5',3,'2015-10-22 00:00:00','2014-11-13 00:00:01'),(92,4,'通用优惠券10元（满100可用）','30元',NULL,100,105,'http://wq.jd.com/mshop/gethomepage?cu=true&venderid=1000004533/&keyfrom=29417617/&cu=true/&cu=true&utm_source=p.yiqifa.com&utm_medium=tuiguang&utm_campaign=t_1_767713&utm_term=66977a3994b94c639655c2e3a0e35a5f ',3,'2015-10-22 00:00:00','2014-11-13 00:00:01'),(93,4,'全品类满100减10（限周四）','10元',NULL,100,88,'http://wqs.jd.com/promote/2015/shake/home.html',3,'2015-10-22 00:00:00','2014-11-13 00:00:01'),(94,4,'10元红包（QQ会员专享）','10元',NULL,100,44,'http://vip.qq.com/clubact/jd/index.html',3,'2015-10-22 00:00:00','2014-11-13 00:00:01'),(95,9,'图书满300减100券','100元',NULL,100,126,'http://www.amazon.cn/gp/b/ref=gwgfloorv1_BMVD_p_1?ie=UTF8&node=1550297071&tag=quanmama0d-23',3,'2015-10-22 00:00:00','2014-11-13 00:00:01'),(96,32,'新用户9.9元购2张电影票','20%Off',NULL,100,202,'http://h5.dianping.com/tuan/movie/cash.html?activityId=1414&pageId=9090122&from=singlemessage&isappinstalled=1',3,'2015-10-22 00:00:00','2014-11-13 00:00:01'),(97,32,'《蚁人》《小王子》抵用券','10元',NULL,100,191,'http://h5.dianping.com/tuan/antman/index.html?from=singlemessage&isappinstalled=1',3,'2015-10-22 00:00:00','2014-11-13 00:00:01'),(98,39,'洗衣优惠券（随机得）','1-20元',NULL,100,99,'http://game.edaixi.com/smp/index.html',3,'2015-10-22 00:00:00','2014-11-13 00:00:01'),(99,39,'洗衣优惠券（限新用户）','10元',NULL,100,77,'http://mp.weixin.qq.com/s?__biz=MzA3NjA4OTkwNQ==&mid=247185928&idx=1&sn=c76d0edd9925899ca2f5926ed42a04f6#wechat_redirect',3,'2015-10-22 00:00:00','2014-11-13 00:00:01'),(100,30,'88元低价大床房','25%Off',NULL,100,75,'http://www.7daysinn.cn/activity.php?action=88&from=singlemessage&isappinstalled=0',3,'2015-10-22 00:00:00','2014-11-13 00:00:01'),(101,30,'77元享自主大床房（限新会员）','35%Off',NULL,100,35,'http://www.7daysinn.cn/gift77.php?from=singlemessage&isappinstalled=0',3,'2015-10-22 00:00:00','2014-11-13 00:00:01'),(102,34,'满100元减10元','10元',NULL,100,176,'http://union.vip.com/wx/vsp/coupon/getCoupon?couponCode=efi15psb&ucode=djixp8ov&docCode=56ye2ii6&chan=3',3,'2015-10-22 00:00:00','2014-11-13 00:00:01'),(103,34,'家居专场满199减100','100元',NULL,100,181,'http://cms.yhd.com/sale/186470?tracker_u=6258&tracker_type=1&website_id=579&uid=003ea6b88c47e8c18c4e',3,'2015-10-22 00:00:00','2014-11-13 00:00:01'),(104,33,'在线选座抵用券（14天有效）','5元',NULL,100,139,'http://m.maoyan.com/event/hongbao?utm_source=myhb_dy&_v_=yes',3,'2015-10-22 00:00:00','2014-11-13 00:00:01'),(105,31,'新用户洗车代金券（满50可用）','8元',NULL,100,102,'http://activity.chediandian.com/Hao123/pcIndex',3,'2015-10-22 00:00:00','2014-11-13 00:00:01'),(106,41,'新用户专车券（15天内有效）','80元',NULL,88,90,'http://customer.vvipone.com/web-customer/coupon/onlyCodeIndex.html?onlyCode=AH2HMC',1,'2015-10-22 00:00:00','2014-11-13 00:00:01'),(107,39,'洗鞋优惠券（限新用户）','19元',NULL,23,23,'http://mp.weixin.qq.com/s?__biz=MzA3NjA4OTkwNQ==&mid=247185928&idx=1&sn=c76d0edd9925899ca2f5926ed42a04f6#wechat_redirect',3,'2015-10-22 00:00:00','2014-11-13 00:00:01'),(108,65,'新用户注册领券','2张15元、1张40元代金券',NULL,54,55,'http://www.yongche.com/bd/zccx.html',1,'2015-10-22 00:00:00','2015-12-01 00:00:01'),(109,65,'银联白金卡特权','1元享108元接送机',NULL,77,78,'http://www.yongche.com/bd/zgyl.html',1,'2015-10-22 00:00:00','2015-12-01 00:00:01'),(110,65,'新用户机场接送','5元搭车重磅来袭',NULL,93,95,'http://www.yongche.com/bd/5ydc.html',1,'2015-10-22 00:00:00','2015-12-01 00:00:01'),(111,41,'新人专享送礼包','12、15元专车券一张',NULL,68,70,'http://www.vvipone.com/?link=pcpz#anchor=m-download',1,'2015-10-22 00:00:00','2015-12-01 00:00:01'),(112,41,'尊贵专车享生活','绑定支付得60元',NULL,75,77,'http://www.vvipone.com/?link=pcpz#anchor=m-download',1,'2015-10-22 00:00:00','2015-12-01 00:00:01'),(113,14,'多充多送及时到','充100送80',NULL,54,55,'http://image17-c.poco.cn/mypoco/myphoto/20151026/14/1785957102015102614295104.png?304x800_130',1,'2015-10-22 00:00:00','2015-12-01 00:00:01'),(114,14,'京东支付见面礼','满100减10',NULL,72,72,'http://image17-c.poco.cn/mypoco/myphoto/20151026/14/17859571020151026143259015.png?446x1013_130',1,'2015-10-22 00:00:00','2015-12-01 00:00:01'),(115,8,'狂热代驾大礼包','10元代驾券',NULL,62,62,'http://gsactivity.diditaxi.com.cn/gulfstream/activity/v2/giftpackage/index?plg_nld=1&from=singlemessage&channel=ad5466da15d0a3f9967e38eea6c1492a',1,'2015-10-22 00:00:00','2015-12-01 00:00:01'),(116,8,'滴滴代驾发券啦','5-10元代驾券',NULL,73,74,'http://www.quanmama.com/zhidemai/1286496.html',1,'2015-10-22 00:00:00','2015-12-01 00:00:01'),(117,69,'专车接送机礼包','80%Off',NULL,92,94,'http://gsactivity.diditaxi.com.cn/gulfstream/activity/v2/giftpackage/index?channel=311378a8b9e4fa60ab115ec8c8fe2f4b#rd',1,'2015-10-22 00:00:00','2015-12-01 00:00:01'),(118,76,' 新用户注册免单 ','0元起步优惠券',NULL,98,102,'http://wap.didialift.com/pinche/activity/callNative/index',1,'2015-10-22 00:00:00','2015-12-01 00:00:01'),(119,76,'接机专用大礼包','最高100元',NULL,77,77,'http://gsactivity.diditaxi.com.cn/gulfstream/activity/v2/giftpackage/index?channel=94d21d10703fe77666a870e8e0baaa08',1,'2015-10-22 00:00:00','2015-12-01 00:00:01'),(120,70,'快车券含大礼包','2元',NULL,97,103,'http://gsactivity.diditaxi.com.cn/gulfstream/activity/v2/giftpackage/index?%20%20g_channel=1a2e31d80e405c5a282cb47ad4b88000',1,'2015-10-22 00:00:00','2015-12-01 00:00:01'),(121,70,'快车券含大礼包','2元',NULL,86,86,'http://gsactivity.diditaxi.com.cn/gulfstream/activity/v2/giftpackage/index?g_channel=37b4647d7f8433f1f962f3184b845c97#rd',1,'2015-10-22 00:00:00','2015-12-01 00:00:01'),(122,69,'专车券含大礼包','5元',NULL,105,107,'http://gsactivity.diditaxi.com.cn/gulfstream/activity/v2/giftpackage/index?g_channel=5f7fc3fe5271f881ed8018d4f72e0da5',1,'2015-10-22 00:00:00','2015-12-01 00:00:01'),(123,59,'新用户专有福利','首租首日0元',NULL,61,61,'http://www.1hai.cn/',1,'2015-10-22 00:00:00','2015-12-01 00:00:01'),(124,59,'想想就能笑醒','刷工行信用卡首日5折',NULL,62,64,'http://www.1hai.cn/activity/ActivityICBC.aspx',1,'2015-10-22 00:00:00','2015-12-01 00:00:01'),(125,72,'刷浦发卡得礼包','升级券、租2免1券',NULL,67,68,'http://huodong.zuche.com/activityplanning/ofyear/spdactivlty.html',1,'2015-10-22 00:00:00','2015-12-01 00:00:01'),(126,72,'新用户注册福利','首日0租金',NULL,60,60,'http://m.zuche.com/html5/topic/ling/ling_app.html?from=singlemessage&isappinstalled=1',1,'2015-10-22 00:00:00','2015-12-01 00:00:01'),(127,44,'新用户租车优惠','158元优惠券',NULL,72,73,'http://www.ppzuche.com/signup/driver',1,'2015-10-22 00:00:00','2015-12-01 00:00:01'),(128,32,'新人专享，一分钱变100','100元',NULL,3,3,'http://t.dianping.com/deal/2275728',2,'2015-10-22 00:00:00','2015-12-01 00:00:01'),(129,32,'超值工作餐，折后减20','20元',NULL,13,13,'http://evt.dianping.com/synthesislink/4821.html',2,'2015-10-22 00:00:00','2015-12-01 00:00:01'),(130,32,'火锅季，5折起','50%',NULL,24,24,'http://evt.dianping.com/synthesislink/5250.html',2,'2015-10-22 00:00:00','2015-12-01 00:00:01'),(131,60,'新品双人餐，立减13','13元',NULL,22,22,'http://devftp.lansum.cn/dfjbnew/poster/20151019xplrc/20151019xplrc.html',2,'2015-10-22 00:00:00','2015-12-01 00:00:01'),(132,60,'7元两件下午茶','50-60%Off',NULL,12,12,'http://www.dfjb.com.cn/poster/201411247y2jxwc/201411247y2jxwc.html',2,'2015-10-22 00:00:00','2015-12-01 00:00:01'),(133,60,'新品三人餐，立减23.5','23.5元',NULL,56,56,'http://devftp.lansum.cn/dfjbnew/poster/20151019xpsrc/20151019xpsrc.html',2,'2015-10-22 00:00:00','2015-12-01 00:00:01'),(134,50,'水果饮料享半价','50%',NULL,32,32,'http://www.pizzahut.com.cn/PHDI/Event/Activity/#ac_99',2,'2015-10-22 00:00:00','2015-12-01 00:00:01'),(135,57,'分享有你，满50送50','50%',NULL,9,9,'http://www.subway.com.cn/wp-content/uploads/2015/04/01-Poster-front_600x900mm-ol-01.jpg',2,'2015-10-22 00:00:00','2015-12-01 00:00:01'),(136,48,'工作日特惠午餐','60%',NULL,19,19,'http://www.littlesheep.com/poster/20140416post/',2,'2015-10-22 00:00:00','2015-12-01 00:00:01'),(137,56,'周二买一送一','50%',NULL,23,23,'http://www.hlschina.com/Activity/Detail/102',2,'2015-10-22 00:00:00','2015-12-01 00:00:01'),(138,56,'满46换购','25元',NULL,40,40,'http://www.hlschina.com/Activity/Detail/109',2,'2015-10-22 00:00:00','2015-12-01 00:00:01'),(139,37,'线上订购，一元尝鲜','12元',NULL,56,57,'http://www.zkungfu.com/index.php/Home/Product/getcoupons.html',2,'2015-10-22 00:00:00','2015-12-01 00:00:01'),(140,42,'新会员十元券','10元',NULL,4,4,'http://www.85cafe.asia/ActivityList_Detail.aspx?id=129',2,'2015-10-22 00:00:00','2015-12-01 00:00:01'),(141,42,'早餐加四元得饮品','60%',NULL,9,9,'http://www.85cafe.asia/ActivityList_Detail.aspx?id=102',2,'2015-10-22 00:00:00','2015-12-01 00:00:01'),(142,64,'幸福拼出来，一元食蛋糕','10元',NULL,23,24,'http://www.xfxb.net/News/Details/17',2,'2015-10-22 00:00:00','2015-12-01 00:00:01'),(143,61,'爆料鱼火锅，立减十元','10元',NULL,17,17,'http://www.xiabu.com/?c=cuxiao&catid=20',2,'2015-10-22 00:00:00','2015-12-01 00:00:01'),(144,67,'美食手机券','2--5元',NULL,76,77,'http://www.yonghe.com.cn/index.php/Index/coupons',2,'2015-10-22 00:00:00','2015-12-01 00:00:01'),(145,43,'特价环球大礼包','50%',NULL,11,11,'http://www.dairyqueen.com.cn/news/newact.php',2,'2015-10-22 00:00:00','2015-12-01 00:00:01'),(146,62,'周三咖啡买一赠一','50%',NULL,4,4,'http://www.haagendazs.com.cn/Website/friendsshare.html',2,'2015-10-22 00:00:00','2015-12-01 00:00:01'),(147,66,'天天半价','50%',NULL,7,7,'http://www.papajohnschina.com/online/ppjonline/product/menu.jsp?code=special#category=1402',2,'2015-10-22 00:00:00','2015-12-01 00:00:01'),(148,58,'接二连三披萨七折（周中）','70%',NULL,13,13,'http://www.dominos.com.cn/Home/Coupon',2,'2015-10-22 00:00:00','2015-12-01 00:00:01'),(149,58,'黑芝麻鲷鱼棒半价','50%',NULL,7,7,'http://www.dominos.com.cn/Home/Coupon',2,'2015-10-22 00:00:00','2015-12-01 00:00:01'),(150,58,'奶香榴莲樽半价','50%',NULL,27,27,'http://www.dominos.com.cn/Home/Coupon',2,'2015-10-22 00:00:00','2015-12-01 00:00:01'),(151,17,'新生外卖礼包','50元',NULL,87,90,'http://i.meituan.com/firework/meepotest_hongbao',2,'2015-10-22 00:00:00','2015-12-01 00:00:01'),(152,17,'愿意喂你自掏腰包','2-5元',NULL,82,82,'http://i.waimai.meituan.com/activity/commonAct/891903F5B3D1F0428ECBEF0BCDBE4921',2,'2015-10-22 00:00:00','2015-12-01 00:00:01'),(153,17,'外卖代金券','2-5元',NULL,77,77,'http://i.waimai.meituan.com/activity/commonAct/0FA99EF8022158822C2A8524612E3DF8',2,'2015-10-22 00:00:00','2015-12-01 00:00:01'),(154,15,'15元代金券','15元',NULL,70,70,'http://waimai.baidu.com/hongbao/noractivity?caseid=HMTA0ODM4NTMy&sign=38f70841cc4d9fe3e00b864fa27b5cc7&invite_code=EZLUF782',2,'2015-10-22 00:00:00','2014-12-01 00:00:01'),(155,15,'外卖优惠券','1-6元',NULL,63,63,'http://i.waimai.meituan.com/activity/commonAct/09CD46E0027572A1E5975B4667E258B1',2,'2015-10-22 00:00:00','2014-12-01 00:00:01'),(156,15,'开吃送好礼送红包','1-15元',NULL,78,78,'http://waimai.baidu.com/hongbao/npactivity?caseid=HMjI1NjQxNzg0&sign=537fe3479ec1de418af5b8b631689c7e&invite_code=EZLUF782',2,'2015-10-22 00:00:00','2015-12-01 00:00:01'),(157,13,'美食红包尽在此','1-12元',NULL,79,79,'http://h.ele.me/baida?group_sn=5a254507bf3f2c8e6b281c2ecc847faf#rd',2,'2015-10-22 00:00:00','2015-12-01 00:00:01'),(158,13,'礼包在手不愁吃','1-6元',NULL,74,74,'http://h.ele.me/baida?group_sn=5e3f723d1da24d6cd7f9e1ffe0d7796b&from=singlemessage&isappinstalled=0',2,'2015-10-22 00:00:00','2015-12-01 00:00:01'),(159,13,'外卖低至6折起','1-6元',NULL,69,69,'http://h.ele.me/baida?group_sn=6eb48eb812fde804934aa3ca72ece775&openid=oFH7hsveuUFJgC8tWM6cNg2Z7wdI',2,'2015-10-22 00:00:00','2015-12-01 00:00:01'),(160,63,'新人立减红包','10元',NULL,59,59,'http://waimaichaoren.com/marketing/new_10/',2,'2015-10-22 00:00:00','2015-12-01 00:00:01'),(161,75,'每月逢“8”，8元抢票','8元',NULL,99,99,'http://www.gewara.com/activity/16085822',3,'2015-10-22 00:00:00','2015-12-01 00:00:01'),(162,75,'中行信用卡，10元看电影','10元',NULL,69,69,'http://www.gewara.com/activity/19541067',3,'2015-10-22 00:00:00','2015-12-01 00:00:01'),(163,32,'老用户10元，新用户20元红包','10元/20元',NULL,87,89,'http://h5.dianping.com/tuan/movie/cash.html?activityId=1420',3,'2015-10-22 00:00:00','2015-12-01 00:00:01'),(164,32,'电影红包，最高减8元','1-8元',NULL,76,76,'http://evt.dianping.com/8129/html/app.html?cityid=7&share=1',3,'2015-10-22 00:00:00','2015-12-01 00:00:01'),(165,55,'平安银行周三满100减20','20元',NULL,77,77,'http://film.spider.com.cn/active/20150818safe/?utm_group=PRB_AD_spider_pinganhd1_zn_20150819',3,'2015-10-22 00:00:00','2015-12-01 00:00:01'),(166,55,'建行龙卡周六5元看电影','5元',NULL,78,79,'http://film.spider.com.cn/active/201501ccb/?utm_group=PRB_AD_spider_jh5ykdy1_zn_20150325',3,'2015-10-22 00:00:00','2015-12-01 00:00:01'),(167,55,'中行信用卡，9元看电影','9元',NULL,71,71,'http://film.spider.com.cn/active/20141224BOC/?utm_group=PRB_AD_spider_zhkdy_zn_20141225',3,'2015-10-22 00:00:00','2015-12-01 00:00:01'),(168,55,'蜘蛛电影票，首单减5元','5元',NULL,62,62,'http://www.spider.com.cn/shubaotingfilm.html?utm_group=POB_AD_spider_yddxz_zn_20150612',3,'2015-10-22 00:00:00','2015-12-01 00:00:01'),(169,45,'19.9元《前任攻略2》','19.9元',NULL,69,69,'http://www.maizuo.com/zt/index.htm?id=473',3,'2015-10-22 00:00:00','2015-12-01 00:00:01'),(170,54,'【布吉】中影南方影城31元通兑','31元',NULL,88,88,'http://www.wangpiao.com/cinema/3193',3,'2015-10-22 00:00:00','2015-12-01 00:00:01'),(171,52,'【西乡】易时代影院29.9通兑','29.9元',NULL,77,77,'http://shenzhen.lashou.com/deal/8942957.html',3,'2015-10-22 00:00:00','2015-12-01 00:00:01'),(172,71,'【白云】星美国际18.5通兑','18.5元',NULL,111,114,'http://www.nuomi.com/deal/tjzkzz4x.html?s=7190f2a44f12e6850cf690cce8583158',3,'2015-10-22 00:00:00','2015-12-01 00:00:01'),(173,46,'《既然青春留不住》立减13.9元','13.9元',NULL,123,125,'http://www.hipiao.com/active/qingchun/',3,'2015-10-22 00:00:00','2015-12-01 00:00:01'),(174,46,'《龙在哪里》立减22元','22元',NULL,98,100,'http://www.hipiao.com/active/lznl/',3,'2015-10-22 00:00:00','2015-12-01 00:00:01'),(175,46,'新用户免费看电影','20元',NULL,126,127,'http://www.hipiao.com/nov/',3,'2015-10-22 00:00:00','2015-12-01 00:00:01'),(176,53,'洲立影城特惠21元起','21元',NULL,66,66,'http://theater.mtime.com/China_Guangdong_Province_Shenzen_Nanshan/1213/',3,'2015-10-22 00:00:00','2015-12-01 00:00:01'),(177,12,'安卓用户25元红包','25元',NULL,82,83,'http://weixin.wepiao.com/huodong/wx/20151009/yybdev/#rd',3,'2015-10-22 00:00:00','2015-12-01 00:00:01'),(178,51,'《精灵旅社2》18元特惠选票','18元',NULL,80,80,'http://www.komovie.cn/subject/332',3,'2015-10-22 00:00:00','2015-12-01 00:00:01'),(179,68,'新用户8.8元看电影','8.8元',NULL,99,100,'https://tms.alicdn.com/market/dianying/seemovie.php?spm=a1z21.3046609.0.0.kMvvT5',3,'2015-10-22 00:00:00','2015-12-01 00:00:01'),(180,34,'满300减30元优惠券','30元',NULL,66,66,'http://union.vip.com/wx/vsp/coupon/getCoupon?couponCode=2unkuo76&ucode=qp2zj8eo&docCode=56ye2ii6&chan=3',3,'2015-10-22 00:00:00','2015-12-01 00:00:01'),(181,34,'满200减20元优惠券','20元',NULL,63,63,'http://union.vip.com/wx/vsp/coupon/getCoupon?couponCode=hr8twab2&ucode=djixp8ov&docCode=56ye2ii6&chan=3',3,'2015-10-22 00:00:00','2015-12-01 00:00:01'),(182,73,'35元购50元现金券','15元',NULL,55,55,'http://m.jumei.com/i/MobileWap/deal_view?hash_id=d151111p50&item_redirect=1&from=20151111hongbao_yure_pos_2&status=zs',3,'2015-10-22 00:00:00','2015-12-01 00:00:01'),(183,73,'新人注册福利','160元',NULL,58,58,'http://hd.jumei.com/act/10-478-2257-newuserswelfare.html?a=a&referer=dsp_emar&etc_n=dsp&etc_s=emar&etc_m=000000wG51bGW&etc_c=11696&etc_t=&etc_p=&etc_x=1002&etc_k=820473|0015e40fd0edac2bc34a',3,'2015-10-22 00:00:00','2015-12-01 00:00:01'),(184,74,'苏宁易购最新优惠券','1-10元',NULL,42,42,'http://www.quanmama.com/t/wap.aspx?url=http://62ec51h23f.act1.suning.com/act-wap-web/wap/differentred/toShowRed-o2oqmm.do?wx_openid=',3,'2015-10-22 00:00:00','2015-12-01 00:00:01'),(185,74,'双十一优惠券','6-10元',NULL,48,48,'http://764d0gfif.act1.suning.com/act-wap-web/wap/differentred/toShowRed-o2odldq.do?wx_openid=&utm_source=union&utm_medium=C&utm_campaign=1028&utm_content=1027',3,'2015-10-22 00:00:00','2015-12-01 00:00:01'),(186,2,'3台家电保养套餐','158元',NULL,99,100,'http://mp.weixin.qq.com/s?__biz=MzA5ODA5MzgxOA==&mid=400449130&idx=1&sn=0328a8b54fa9a7173a2e2d033257570f&scene=1&srcid=1106L8oJRoDgpRphvC7WkA4E&key=b410d3164f5f798e5f8226200ca4bdfd6e55ef7f10951fdee56c08c11165a4ef56fdeb3d91f76b1d22a620181a2333eb&ascene=0&uin=MjQ4NTc1NjU%3D&devicetype=iMac+MacBookPro8%2C1+OSX+OSX+10.11.1+build(15B42)&version=11020201&pass_ticket=c8kSjgM2Z71X3wGR8XCXdTbmuhQLTgsjovGKMITCxDQ%3D',3,'2015-10-22 00:00:00','2015-12-01 00:00:01'),(187,31,'新用户洗车代金券','8元',NULL,45,45,'http://activity.chediandian.com/Hao123/pcIndex',3,'2015-10-22 00:00:00','2015-12-01 00:00:01'),(188,49,'图书满300元减100元','100元',NULL,56,56,'http://book.dangdang.com/tj1111?_ddclickunion=419-820473%7C00729164c127696b7d40|ad_type=0|sys_id=1#dd_refer=http%3A%2F%2Fp.yiqifa.com%2Fl%3Fl%3Dcl7sykqbr9e7rlbgntpspnm2w9swgq4dweroykqjp7ph6lmx6wzogn4vryacnyugkbup5cbyrwwopbub6ey6ye4vnkacpn4wfp79mnsvmj7qwez71n2l4cxsc5sbrcynymps3okownjlwnk93mpsr9pdub6_uq4emn7qwnjl6pm7%215b7uzjvfso8yooif9gby9uw35ecf96_ypo7cetqwnt-',3,'2015-10-22 00:00:00','2015-12-01 00:00:01'),(189,47,'装修启动金','500元',NULL,77,77,'http://mobileapi.to8to.com/index.php?module=h5&action=events&version=2.5&id=35475',3,'2015-10-22 00:00:00','2015-12-01 00:00:01'),(190,38,'喝酒开车代驾省','2-15元代驾券',NULL,78,78,'http://h5.edaijia.cn/activities/bd_1442473190#page-new',1,'2015-10-22 00:00:00','2015-12-01 00:00:01'),(191,38,'双十一送优惠券','11元',NULL,71,71,'http://h5.edaijia.cn/activities/shuang11?act_cid=edaijia_weixin&state=edaijia_weixin#page-unbind',1,'2015-10-22 00:00:00','2015-12-01 00:00:01'),(192,38,'喝酒不开车礼包','1-29元',NULL,69,69,'http://h5.edaijia.cn/activities/TF_926cedb4a5?act_cid=aiziyou&state=aiziyou#page-unbind',1,'2015-10-22 00:00:00','2015-12-01 00:00:01');
/*!40000 ALTER TABLE `coupon` ENABLE KEYS */;
UNLOCK TABLES;

--
-- Table structure for table `coupon_tag`
--

DROP TABLE IF EXISTS `coupon_tag`;
/*!40101 SET @saved_cs_client     = @@character_set_client */;
/*!40101 SET character_set_client = utf8 */;
CREATE TABLE `coupon_tag` (
  `id` int(11) NOT NULL AUTO_INCREMENT,
  `coupon_id` int(11) NOT NULL,
  `tag` varchar(45) NOT NULL,
  PRIMARY KEY (`id`)
) ENGINE=MyISAM AUTO_INCREMENT=103 DEFAULT CHARSET=utf8;
/*!40101 SET character_set_client = @saved_cs_client */;

--
-- Dumping data for table `coupon_tag`
--

LOCK TABLES `coupon_tag` WRITE;
/*!40000 ALTER TABLE `coupon_tag` DISABLE KEYS */;
INSERT INTO `coupon_tag` VALUES (1,8,'打车'),(2,10,'代驾'),(3,8,'巴士'),(4,29,'打车'),(46,106,'打车'),(6,30,'打车'),(7,31,'打车'),(8,32,'打车'),(9,33,'打车'),(10,34,'打车'),(11,35,'打车'),(12,36,'代驾'),(13,37,'代驾'),(14,38,'代驾'),(15,39,'代驾'),(16,40,'代驾'),(17,41,'代驾'),(18,42,'代驾'),(19,43,'出游'),(20,44,'出游'),(21,45,'出游'),(22,46,'出游'),(23,47,'出游'),(24,48,'出游'),(25,49,'出游'),(26,50,'出游'),(27,51,'出游'),(28,67,'外卖'),(29,68,'外卖'),(30,69,'外卖'),(31,70,'外卖'),(32,71,'外卖'),(33,72,'外卖'),(34,73,'外卖'),(35,74,'外卖'),(36,75,'外卖'),(37,76,'外卖'),(38,77,'外卖'),(39,78,'美食'),(40,79,'美食'),(41,80,'美食'),(42,81,'美食'),(43,82,'美食'),(44,83,'美食'),(45,84,'美食'),(47,108,'打车'),(48,109,'打车'),(49,110,'打车'),(50,111,'打车'),(51,112,'打车'),(52,113,'打车'),(53,114,'打车'),(54,115,'打车'),(55,116,'打车'),(56,117,'打车'),(57,118,'打车'),(58,119,'打车'),(59,120,'打车'),(60,121,'打车'),(61,122,'打车'),(62,123,'租车'),(63,124,'租车'),(64,125,'租车'),(65,126,'租车'),(66,127,'租车'),(67,128,'品牌'),(68,129,'品牌'),(69,130,'品牌'),(70,131,'品牌'),(71,132,'品牌'),(72,133,'品牌'),(73,134,'品牌'),(74,135,'品牌'),(75,136,'品牌'),(76,137,'品牌'),(77,138,'品牌'),(78,139,'品牌'),(79,140,'品牌'),(80,141,'品牌'),(81,142,'品牌'),(82,143,'品牌'),(83,144,'品牌'),(84,145,'品牌'),(85,146,'品牌'),(86,147,'品牌'),(87,148,'品牌'),(88,149,'品牌'),(89,150,'品牌'),(90,151,'外卖'),(91,152,'外卖'),(92,153,'外卖'),(93,154,'外卖'),(94,155,'外卖'),(95,156,'外卖'),(96,157,'外卖'),(97,158,'外卖'),(98,159,'外卖'),(99,160,'外卖'),(100,190,'租车'),(101,191,'租车'),(102,192,'租车');
/*!40000 ALTER TABLE `coupon_tag` ENABLE KEYS */;
UNLOCK TABLES;

--
-- Table structure for table `coupons_category`
--

DROP TABLE IF EXISTS `coupons_category`;
/*!40101 SET @saved_cs_client     = @@character_set_client */;
/*!40101 SET character_set_client = utf8 */;
CREATE TABLE `coupons_category` (
  `id` int(11) NOT NULL AUTO_INCREMENT,
  `name_cn` varchar(45) NOT NULL,
  `pic_url` varchar(256) DEFAULT NULL,
  `comment` varchar(512) DEFAULT NULL,
  PRIMARY KEY (`id`)
) ENGINE=InnoDB AUTO_INCREMENT=4 DEFAULT CHARSET=utf8;
/*!40101 SET character_set_client = @saved_cs_client */;

--
-- Dumping data for table `coupons_category`
--

LOCK TABLES `coupons_category` WRITE;
/*!40000 ALTER TABLE `coupons_category` DISABLE KEYS */;
INSERT INTO `coupons_category` VALUES (1,'出行','/img/category_pic/onway2.png',NULL),(2,'美食','/img/category_pic/eat2.png',NULL),(3,'其它','/img/category_pic/others2.png',NULL);
/*!40000 ALTER TABLE `coupons_category` ENABLE KEYS */;
UNLOCK TABLES;

--
-- Table structure for table `shop`
--

DROP TABLE IF EXISTS `shop`;
/*!40101 SET @saved_cs_client     = @@character_set_client */;
/*!40101 SET character_set_client = utf8 */;
CREATE TABLE `shop` (
  `id` int(11) NOT NULL AUTO_INCREMENT,
  `shop_category` int(11) NOT NULL DEFAULT '1',
  `name` varchar(45) NOT NULL,
  `desp` varchar(45) DEFAULT NULL,
  `comment` varchar(256) DEFAULT NULL,
  `pic_url` varchar(256) NOT NULL DEFAULT '/img/shop_pic/shop_pic_default.jpg',
  PRIMARY KEY (`id`),
  UNIQUE KEY `name_UNIQUE` (`name`)
) ENGINE=InnoDB AUTO_INCREMENT=77 DEFAULT CHARSET=utf8;
/*!40101 SET character_set_client = @saved_cs_client */;

--
-- Dumping data for table `shop`
--

LOCK TABLES `shop` WRITE;
/*!40000 ALTER TABLE `shop` DISABLE KEYS */;
INSERT INTO `shop` VALUES (1,1,'Uber','Uber打车','电话？','/img/shop_pic/shop_pic_default.jpg'),(2,3,'轻松家电','轻松家电','保养一下？ 电话？','/img/shop_pic/轻松家电.png'),(3,3,'1号店','1号店','电话？','/img/shop_pic/1号店副本.png'),(4,3,'京东','京东',NULL,'/img/shop_pic/JD副本.png'),(5,2,'好家政','好家政',NULL,'/img/shop_pic/shop_pic_default.jpg'),(6,1,'滴滴出行','滴滴出行',NULL,'/img/shop_pic/滴滴出行副本.png'),(7,3,'肯德基','肯德基',NULL,'/img/shop_pic/kfc副本.png'),(8,1,'滴滴代驾','滴滴代驾',NULL,'/img/shop_pic/滴滴代驾.png'),(9,3,'亚马逊','亚马逊',NULL,'/img/shop_pic/亚马逊副本.png'),(10,3,'麦当劳','麦当劳',NULL,'/img/shop_pic/麦当劳副本.png'),(11,1,'携程网','携程网',NULL,'/img/shop_pic/携程1.png'),(12,3,'微票儿','微票儿',NULL,'/img/shop_pic/微票儿.png'),(13,3,'饿了么','饿了么',NULL,'/img/shop_pic/饿了么副本.png'),(14,1,'神州专车','神州专车',NULL,'/img/shop_pic/神州专车.png'),(15,1,'百度外卖','百度外卖',NULL,'/img/shop_pic/百度外卖.png'),(16,1,'途牛网','途牛网',NULL,'/img/shop_pic/途牛网副本.png'),(17,1,'美团外卖','美团外卖',NULL,'/img/shop_pic/美团外卖.png'),(18,1,'京东到家','京东到家',NULL,'/img/shop_pic/京东到家.png'),(30,3,'7天连锁酒店','7天连锁酒店',NULL,'/img/shop_pic/7tian副本_2.png'),(31,3,'车点点','车点点',NULL,'/img/shop_pic/车点点.png'),(32,3,'大众点评','大众点评',NULL,'/img/shop_pic/大众点评.png'),(33,3,'猫眼电影','猫眼电影',NULL,'/img/shop_pic/猫眼电影副本.png'),(34,3,'唯品会','唯品会',NULL,'/img/shop_pic/唯品会.png'),(35,1,'艺龙旅游网','艺龙旅游网',NULL,'/img/shop_pic/艺龙副本.png'),(36,2,'元气寿司','元气寿司',NULL,'/img/shop_pic/元气寿司副本.png'),(37,2,'真功夫','真功夫',NULL,'/img/shop_pic/真功夫副本.png'),(38,1,'e代驾','e代驾',NULL,'/img/shop_pic/e代驾.png'),(39,3,'e袋洗','e袋洗',NULL,'/img/shop_pic/e袋洗副本.png'),(40,2,'周黑鸭','周黑鸭',NULL,'/img/shop_pic/周黑鸭.png'),(41,1,'一号专车','一号专车',NULL,'/img/shop_pic/一号专车.png'),(42,2,'85度C','85度C',NULL,'/img/shop_pic/85度C.png'),(43,2,'DQ','DQ',NULL,'/img/shop_pic/DQ.png'),(44,1,'PP租车','PP租车',NULL,'/img/shop_pic/PP租车.png'),(45,3,'卖座网','卖座网',NULL,'/img/shop_pic/卖座网.png'),(46,3,'哈票网','哈票网',NULL,'/img/shop_pic/哈票网.png'),(47,3,'土巴兔','土巴兔',NULL,'/img/shop_pic/土巴兔.png'),(48,2,'小肥羊','小肥羊',NULL,'/img/shop_pic/小肥羊.png'),(49,3,'当当网','当当网',NULL,'/img/shop_pic/当当网.png'),(50,2,'必胜客','必胜客',NULL,'/img/shop_pic/必胜客.png'),(51,3,'抠电影','抠电影',NULL,'/img/shop_pic/抠电影.png'),(52,3,'拉手网','拉手网',NULL,'/img/shop_pic/拉手网.png'),(53,3,'时光网','时光网',NULL,'/img/shop_pic/时光网.png'),(54,3,'网票网','网票网',NULL,'/img/shop_pic/网票网.png'),(55,3,'蜘蛛网','蜘蛛网',NULL,'/img/shop_pic/蜘蛛网.png'),(56,2,'许留山','许留山',NULL,'/img/shop_pic/许留山.png'),(57,2,'赛百味','赛百味',NULL,'/img/shop_pic/赛百味.png'),(58,2,'达美乐','达美乐',NULL,'/img/shop_pic/达美乐.png'),(59,1,'一嗨租车','一嗨租车',NULL,'/img/shop_pic/一嗨租车.png'),(60,2,'东方既白','东方既白',NULL,'/img/shop_pic/东方既白.png'),(61,2,'呷哺呷哺','呷哺呷哺',NULL,'/img/shop_pic/呷哺呷哺.png'),(62,2,'哈根达斯','哈根达斯',NULL,'/img/shop_pic/哈根达斯.png'),(63,2,'外卖超人','外卖超人',NULL,'/img/shop_pic/外卖超人.png'),(64,2,'幸福西饼','幸福西饼',NULL,'/img/shop_pic/幸福西饼.png'),(65,2,'易到用车','易到用车',NULL,'/img/shop_pic/易到用车.png'),(66,2,'棒，约翰','棒，约翰',NULL,'/img/shop_pic/棒，约翰.png'),(67,2,'永和大王','永和大王',NULL,'/img/shop_pic/永和大王.png'),(68,3,'淘宝电影','淘宝电影',NULL,'/img/shop_pic/淘宝电影.png'),(69,1,'滴滴专车','滴滴专车',NULL,'/img/shop_pic/滴滴专车.png'),(70,1,'滴滴快车','滴滴快车',NULL,'/img/shop_pic/滴滴快车.png'),(71,3,'百度糯米','百度糯米',NULL,'/img/shop_pic/百度糯米.png'),(72,1,'神州租车','神州租车',NULL,'/img/shop_pic/神州租车.png'),(73,3,'聚美优品','聚美优品',NULL,'/img/shop_pic/聚美优品.png'),(74,3,'苏宁易购','苏宁易购',NULL,'/img/shop_pic/苏宁易购.png'),(75,3,'格瓦拉电影','格瓦拉电影',NULL,'/img/shop_pic/格瓦拉电影.png'),(76,1,'滴滴顺风车','滴滴顺风车',NULL,'/img/shop_pic/滴滴顺风车.png');
/*!40000 ALTER TABLE `shop` ENABLE KEYS */;
UNLOCK TABLES;

--
-- Table structure for table `shop_category`
--

DROP TABLE IF EXISTS `shop_category`;
/*!40101 SET @saved_cs_client     = @@character_set_client */;
/*!40101 SET character_set_client = utf8 */;
CREATE TABLE `shop_category` (
  `id` int(11) NOT NULL AUTO_INCREMENT,
  `name_cn` varchar(45) NOT NULL,
  `pic_url` varchar(256) DEFAULT NULL,
  `comment` varchar(512) DEFAULT NULL,
  PRIMARY KEY (`id`)
) ENGINE=InnoDB AUTO_INCREMENT=4 DEFAULT CHARSET=utf8;
/*!40101 SET character_set_client = @saved_cs_client */;

--
-- Dumping data for table `shop_category`
--

LOCK TABLES `shop_category` WRITE;
/*!40000 ALTER TABLE `shop_category` DISABLE KEYS */;
INSERT INTO `shop_category` VALUES (1,'出行',NULL,NULL),(2,'家政',NULL,NULL),(3,'其它',NULL,NULL);
/*!40000 ALTER TABLE `shop_category` ENABLE KEYS */;
UNLOCK TABLES;

--
-- Table structure for table `user_follow_shop`
--

DROP TABLE IF EXISTS `user_follow_shop`;
/*!40101 SET @saved_cs_client     = @@character_set_client */;
/*!40101 SET character_set_client = utf8 */;
CREATE TABLE `user_follow_shop` (
  `id` int(11) NOT NULL AUTO_INCREMENT,
  `user_id` int(11) NOT NULL,
  `shop_id` int(11) NOT NULL,
  PRIMARY KEY (`id`)
) ENGINE=InnoDB AUTO_INCREMENT=91 DEFAULT CHARSET=utf8;
/*!40101 SET character_set_client = @saved_cs_client */;

--
-- Dumping data for table `user_follow_shop`
--

LOCK TABLES `user_follow_shop` WRITE;
/*!40000 ALTER TABLE `user_follow_shop` DISABLE KEYS */;
INSERT INTO `user_follow_shop` VALUES (69,26,13),(70,27,35),(71,27,31),(72,27,6),(73,27,12),(74,27,32),(75,27,34),(76,26,6),(78,26,38),(79,25,41),(81,1,69),(82,27,69),(83,27,65),(84,27,41),(85,27,13),(86,27,63),(87,27,37),(88,27,56),(89,27,50),(90,27,58);
/*!40000 ALTER TABLE `user_follow_shop` ENABLE KEYS */;
UNLOCK TABLES;

--
-- Table structure for table `user_has_coupon`
--

DROP TABLE IF EXISTS `user_has_coupon`;
/*!40101 SET @saved_cs_client     = @@character_set_client */;
/*!40101 SET character_set_client = utf8 */;
CREATE TABLE `user_has_coupon` (
  `id` int(11) NOT NULL AUTO_INCREMENT,
  `user_id` int(11) NOT NULL,
  `coupon_id` int(11) NOT NULL,
  PRIMARY KEY (`id`),
  KEY `user` (`user_id`)
) ENGINE=InnoDB AUTO_INCREMENT=402 DEFAULT CHARSET=utf8;
/*!40101 SET character_set_client = @saved_cs_client */;

--
-- Dumping data for table `user_has_coupon`
--

LOCK TABLES `user_has_coupon` WRITE;
/*!40000 ALTER TABLE `user_has_coupon` DISABLE KEYS */;
INSERT INTO `user_has_coupon` VALUES (14,4,7),(15,6,7),(16,1,7),(17,8,6),(18,14,7),(19,18,7),(20,18,6),(23,4,5),(24,8,7),(27,8,9),(28,8,8),(31,8,10),(33,2,9),(34,2,11),(36,8,13),(37,8,19),(40,8,21),(41,8,15),(44,8,20),(48,1,15),(52,8,14),(53,8,22),(56,10,17),(57,10,19),(58,10,8),(59,10,10),(60,10,21),(64,20,18),(65,10,11),(70,12,9),(71,16,9),(75,16,3),(78,6,11),(79,6,15),(80,2,8),(81,2,19),(83,2,3),(84,2,10),(85,2,14),(88,2,22),(89,6,20),(90,6,18),(92,6,16),(93,6,3),(95,8,3),(96,10,14),(98,10,3),(99,6,9),(108,25,19),(109,28,8),(112,29,21),(113,29,18),(114,29,16),(115,29,8),(116,29,20),(117,26,15),(118,26,20),(119,30,18),(125,1,10),(131,1,18),(135,33,17),(136,33,8),(137,27,3),(139,35,8),(140,35,3),(146,33,20),(147,36,3),(148,1,3),(149,1,17),(155,26,9),(156,33,10),(161,24,8),(162,26,10),(163,1,8),(164,1,9),(165,1,22),(168,26,14),(169,26,8),(170,1,4),(171,1,20),(173,25,8),(174,26,3),(175,36,9),(183,26,83),(191,26,43),(192,27,29),(193,27,33),(194,27,43),(195,27,30),(196,27,31),(197,27,46),(198,27,32),(200,27,44),(203,27,35),(204,27,45),(205,27,34),(211,27,41),(215,26,38),(217,26,41),(218,27,36),(219,27,42),(221,27,39),(222,27,47),(224,27,50),(226,27,37),(227,27,38),(228,27,51),(229,27,48),(230,1,48),(231,27,49),(232,27,74),(233,27,67),(234,27,68),(239,27,76),(240,27,70),(241,27,75),(242,27,77),(243,27,69),(245,27,79),(246,27,80),(247,27,78),(248,27,82),(249,27,84),(250,1,84),(251,27,83),(253,27,96),(254,27,97),(258,27,102),(259,27,89),(260,27,104),(261,27,95),(262,27,92),(263,27,105),(264,27,103),(265,27,98),(266,27,93),(267,27,99),(268,27,100),(269,27,91),(270,27,94),(271,27,101),(274,25,67),(275,25,76),(276,25,77),(277,26,68),(278,26,72),(279,1,72),(280,26,73),(282,27,71),(284,26,42),(286,26,92),(287,24,42),(288,24,40),(289,24,104),(290,24,102),(291,25,39),(292,24,39),(294,24,41),(298,27,73),(299,24,45),(300,24,69),(302,24,72),(303,27,72),(304,26,35),(305,24,73),(309,1,21),(310,1,11),(311,25,11),(312,27,90),(316,25,32),(317,25,35),(325,25,29),(328,25,74),(329,33,92),(330,26,33),(332,26,37),(333,26,106),(334,26,49),(337,25,72),(338,25,75),(339,25,30),(340,25,31),(341,25,97),(343,37,89),(344,26,91),(345,25,89),(346,25,33),(348,1,29),(349,26,29),(350,26,90),(351,26,98),(352,26,105),(353,26,95),(355,26,122),(356,26,118),(358,26,110),(360,25,109),(361,25,118),(362,1,118),(365,25,111),(366,25,108),(367,25,113),(368,25,110),(369,25,124),(370,25,127),(371,25,112),(372,26,125),(373,26,139),(375,26,142),(380,26,120),(381,26,117),(382,26,116),(383,27,122),(384,26,144),(385,27,124),(387,27,151),(388,26,151),(389,26,175),(390,26,173),(391,26,172),(392,25,173),(393,25,172),(394,26,179),(395,25,186),(396,26,163),(397,25,174),(398,25,163),(399,26,174),(400,25,177),(401,26,166);
/*!40000 ALTER TABLE `user_has_coupon` ENABLE KEYS */;
UNLOCK TABLES;

--
-- Table structure for table `user_like_coupon`
--

DROP TABLE IF EXISTS `user_like_coupon`;
/*!40101 SET @saved_cs_client     = @@character_set_client */;
/*!40101 SET character_set_client = utf8 */;
CREATE TABLE `user_like_coupon` (
  `id` int(11) NOT NULL AUTO_INCREMENT,
  `user_id` int(11) NOT NULL,
  `coupon_id` int(11) NOT NULL,
  PRIMARY KEY (`id`),
  KEY `coupon` (`coupon_id`)
) ENGINE=InnoDB AUTO_INCREMENT=228 DEFAULT CHARSET=utf8;
/*!40101 SET character_set_client = @saved_cs_client */;

--
-- Dumping data for table `user_like_coupon`
--

LOCK TABLES `user_like_coupon` WRITE;
/*!40000 ALTER TABLE `user_like_coupon` DISABLE KEYS */;
INSERT INTO `user_like_coupon` VALUES (1,1,1),(26,1,7),(29,1,3),(33,1,4),(43,2,9),(47,2,12),(48,2,15),(51,1,17),(75,1,9),(78,1,10),(84,8,20),(85,8,16),(94,10,8),(103,2,19),(104,2,8),(105,2,10),(106,2,11),(107,2,14),(119,8,0),(123,8,11),(126,8,22),(148,24,21),(180,1,14),(182,1,22),(189,24,14),(190,24,22),(191,24,8),(195,26,0),(196,35,8),(200,36,9),(217,26,10),(218,26,14),(224,1,8);
/*!40000 ALTER TABLE `user_like_coupon` ENABLE KEYS */;
UNLOCK TABLES;

--
-- Table structure for table `users`
--

DROP TABLE IF EXISTS `users`;
/*!40101 SET @saved_cs_client     = @@character_set_client */;
/*!40101 SET character_set_client = utf8 */;
CREATE TABLE `users` (
  `id` int(11) NOT NULL AUTO_INCREMENT,
  `open_id` varchar(128) NOT NULL,
  `remote_system` varchar(45) NOT NULL,
  `user_info_remote` varchar(512) DEFAULT NULL,
  `created_datetime` timestamp NULL DEFAULT CURRENT_TIMESTAMP,
  `last_logged_in` datetime NOT NULL,
  `username` varchar(45) NOT NULL DEFAULT '用户名缺失',
  `users_pic_url` varchar(256) DEFAULT NULL,
  PRIMARY KEY (`id`),
  KEY `id` (`open_id`)
) ENGINE=InnoDB AUTO_INCREMENT=39 DEFAULT CHARSET=utf8;
/*!40101 SET character_set_client = @saved_cs_client */;

--
-- Dumping data for table `users`
--

LOCK TABLES `users` WRITE;
/*!40000 ALTER TABLE `users` DISABLE KEYS */;
INSERT INTO `users` VALUES (1,'default','NONE','{}','2015-10-10 15:28:25','2015-11-09 18:28:49','?????','/img/user_pic/default_head.jpg'),(24,'o9jX-jm61uoQiWvtVk4tMnnOsAXg','wechat','{\"openid\":\"o9jX-jm61uoQiWvtVk4tMnnOsAXg\",\"nickname\":\"cheungzee\",\"sex\":1,\"language\":\"zh_CN\",\"city\":\"\\u6df1\\u5733\",\"province\":\"\\u5e7f\\u4e1c\",\"country\":\"\\u4e2d\\u56fd\",\"headimgurl\":\"http:\\/\\/wx.qlogo.cn\\/mmopen\\/PiajxSqBRaELRRVsTRZXD2jgYuTr0QDzfwTt9UIaTm6UswbwbU2be6cwDpQHwy8AufQV41IDhdBSZLD2PXtkbeg\\/0\",\"privilege\":[]}','2015-10-19 09:24:13','2015-11-09 12:38:55','cheungzee','http://wx.qlogo.cn/mmopen/PiajxSqBRaELRRVsTRZXD2jgYuTr0QDzfwTt9UIaTm6UswbwbU2be6cwDpQHwy8AufQV41IDhdBSZLD2PXtkbeg/0'),(25,'o9jX-jqlWRkX5gQ7rYnALjtVdxBw','wechat','{\"openid\":\"o9jX-jqlWRkX5gQ7rYnALjtVdxBw\",\"nickname\":\"\\u5bf9\\u65b9\\u6b63\\u5728\\u8f93\\u5165\\u2026\",\"sex\":1,\"language\":\"zh_CN\",\"city\":\"\\u6df1\\u5733\",\"province\":\"\\u5e7f\\u4e1c\",\"country\":\"\\u4e2d\\u56fd\",\"headimgurl\":\"http:\\/\\/wx.qlogo.cn\\/mmopen\\/Q3auHgzwzM6eY0hBBDjbHNkcl1DDoZ4tblslwxHgl31A5ugFCtXVuWibYRPuDelta11ANlH2eMocGM0sMForwnw\\/0\",\"privilege\":[]}','2015-10-19 09:28:37','2015-11-09 12:40:00','对方正在输入…','http://wx.qlogo.cn/mmopen/hIz3ylFIYS958nFFg8ic5qpyPvZoWHm3ZCbaGtXLyMI5Nz0Cs3uO1xKzv8N3rdLdWkM4OiaibvpnJ2Qic98icDPEA7Q/0'),(26,'o9jX-ji5ofLNM8AitPxAHvTFceSM','wechat','{\"openid\":\"o9jX-ji5ofLNM8AitPxAHvTFceSM\",\"nickname\":\"IAn\",\"sex\":1,\"language\":\"zh_CN\",\"city\":\"\\u6df1\\u5733\",\"province\":\"\\u5e7f\\u4e1c\",\"country\":\"\\u4e2d\\u56fd\",\"headimgurl\":\"http:\\/\\/wx.qlogo.cn\\/mmopen\\/hIz3ylFIYS9neveMzx95gmia7KpYZjkCIicKetO8plzrzg2oHLUPnxdu61ylsibFiawCCjaXBZxykV4ZGSlg4Y8F5A\\/0\",\"privilege\":[]}','2015-10-19 09:37:55','2015-11-09 12:40:28','IAn','http://wx.qlogo.cn/mmopen/hIz3ylFIYS9neveMzx95gmia7KpYZjkCIicKetO8plzrzg2oHLUPnxdu61ylsibFiawCCjaXBZxykV4ZGSlg4Y8F5A/0'),(27,'o9jX-jpNOJE1WY0o5xjB-uYISZ4w','wechat','{\"openid\":\"o9jX-jpNOJE1WY0o5xjB-uYISZ4w\",\"nickname\":\"\\u793c\\u5609\",\"sex\":1,\"language\":\"zh_CN\",\"city\":\"\\u6df1\\u5733\",\"province\":\"\\u5e7f\\u4e1c\",\"country\":\"\\u4e2d\\u56fd\",\"headimgurl\":\"http:\\/\\/wx.qlogo.cn\\/mmopen\\/5GHg41aOKzV7rrhJIcL3Uak2zJwkLM4dFrbB7RPFvMiawSJOxvk61Fhx6pdsxCNXzpU1d0Vr6cfEiaK44KicZ3FLFhyYicSu6BmX\\/0\",\"privilege\":[]}','2015-10-19 09:38:21','2015-11-09 18:28:35','礼嘉','http://wx.qlogo.cn/mmopen/5GHg41aOKzV7rrhJIcL3Uak2zJwkLM4dFrbB7RPFvMiawSJOxvk61Fhx6pdsxCNXzpU1d0Vr6cfEiaK44KicZ3FLFhyYicSu6BmX/0'),(28,'o9jX-jgorG3tzc1pwqdG5bAIVjDU','wechat','{\"openid\":\"o9jX-jgorG3tzc1pwqdG5bAIVjDU\",\"nickname\":\"\\u6d82\\u9e26\",\"sex\":1,\"language\":\"zh_CN\",\"city\":\"\\u6df1\\u5733\",\"province\":\"\\u5e7f\\u4e1c\",\"country\":\"\\u4e2d\\u56fd\",\"headimgurl\":\"http:\\/\\/wx.qlogo.cn\\/mmopen\\/Q3auHgzwzM4w60604aLHjDsTefibylNYQvoeIJ5s9WAzzTtC0niaAAVHm76ZzGTmFfVCicPyib1ibUHjeznicseDAgbA\\/0\",\"privilege\":[]}','2015-10-19 10:43:01','2015-11-06 19:44:21','涂鸦','http://wx.qlogo.cn/mmopen/Q3auHgzwzM4w60604aLHjDsTefibylNYQvoeIJ5s9WAzzTtC0niaAAVHm76ZzGTmFfVCicPyib1ibUHjeznicseDAgbA/0'),(29,'o9jX-jsL94WBu01Grn0J0albO_Bs','wechat','{\"openid\":\"o9jX-jsL94WBu01Grn0J0albO_Bs\",\"nickname\":\"ARYAN\",\"sex\":2,\"language\":\"zh_CN\",\"city\":\"\\u5e7f\\u5dde\",\"province\":\"\\u5e7f\\u4e1c\",\"country\":\"\\u4e2d\\u56fd\",\"headimgurl\":\"http:\\/\\/wx.qlogo.cn\\/mmopen\\/5GHg41aOKzXKo5AKmRItvVIiardB9Gpkd22ib5SoBp0Hb97xEvB3V5KxyfKu7nQ4gy2f8lVQwyLwEpArB0CyibzEaxnwboYPn47\\/0\",\"privilege\":[]}','2015-10-20 01:59:07','2015-10-20 09:59:07','ARYAN','http://wx.qlogo.cn/mmopen/5GHg41aOKzXKo5AKmRItvVIiardB9Gpkd22ib5SoBp0Hb97xEvB3V5KxyfKu7nQ4gy2f8lVQwyLwEpArB0CyibzEaxnwboYPn47/0'),(30,'o9jX-jiVCMJlFN-sDNLAGZ-DHPrc','wechat','{\"openid\":\"o9jX-jiVCMJlFN-sDNLAGZ-DHPrc\",\"nickname\":\"\\u672c\\u5927\\u4ed9 \\ud83c\\udf3e\",\"sex\":2,\"language\":\"zh_CN\",\"city\":\"\\u6885\\u5dde\",\"province\":\"\\u5e7f\\u4e1c\",\"country\":\"\\u4e2d\\u56fd\",\"headimgurl\":\"http:\\/\\/wx.qlogo.cn\\/mmopen\\/9ibo9o3rXUTWEuXDCTSdDtYS16pbVD2q5fcDW1JicDjoLOT7cKNV67a7RIHFOBTicW9M2QhECSjn6tw2Iib9nfkYv0ic15RLzyAE3\\/0\",\"privilege\":[]}','2015-10-20 02:11:55','2015-10-20 10:11:55','本大仙 ','http://wx.qlogo.cn/mmopen/9ibo9o3rXUTWEuXDCTSdDtYS16pbVD2q5fcDW1JicDjoLOT7cKNV67a7RIHFOBTicW9M2QhECSjn6tw2Iib9nfkYv0ic15RLzyAE3/0'),(31,'o9jX-jvVldQ98ga9nQ8D-Z2UK-n8','wechat','{\"openid\":\"o9jX-jvVldQ98ga9nQ8D-Z2UK-n8\",\"nickname\":\"\\u66f9\\u4eae\",\"sex\":1,\"language\":\"zh_CN\",\"city\":\"\\u54c8\\u5c14\\u6ee8\",\"province\":\"\\u9ed1\\u9f99\\u6c5f\",\"country\":\"\\u4e2d\\u56fd\",\"headimgurl\":\"http:\\/\\/wx.qlogo.cn\\/mmopen\\/9ibo9o3rXUTWEuXDCTSdDtaPltjq0icT9tqYb8YbBlJx8Q1rEkicY7j00dMgR5bvNn7AeYfDKZRc7Jkwdo0XibEl431WtLCAm3cY\\/0\",\"privilege\":[]}','2015-10-20 05:22:43','2015-11-02 21:38:35','曹亮','http://wx.qlogo.cn/mmopen/9ibo9o3rXUTWEuXDCTSdDtaPltjq0icT9tqYb8YbBlJx8Q1rEkicY7j00dMgR5bvNn7AeYfDKZRc7Jkwdo0XibEl431WtLCAm3cY/0'),(32,'o9jX-jhPJtWGfOhJb4cfrXtPABEs','wechat','{\"openid\":\"o9jX-jhPJtWGfOhJb4cfrXtPABEs\",\"nickname\":\"\\u6797\\u6653\\u946b\",\"sex\":1,\"language\":\"zh_CN\",\"city\":\"\\u6df1\\u5733\",\"province\":\"\\u5e7f\\u4e1c\",\"country\":\"\\u4e2d\\u56fd\",\"headimgurl\":\"http:\\/\\/wx.qlogo.cn\\/mmopen\\/Q3auHgzwzM5hlxzXDpZeFYSPH40gyN9J6JqLDyEXI1dPERFubVb7KroYX2icNMbQ9CEZJG6rBJbm27En6PErq2g\\/0\",\"privilege\":[]}','2015-10-20 05:48:17','2015-10-20 13:48:17','林晓鑫','http://wx.qlogo.cn/mmopen/Q3auHgzwzM5hlxzXDpZeFYSPH40gyN9J6JqLDyEXI1dPERFubVb7KroYX2icNMbQ9CEZJG6rBJbm27En6PErq2g/0'),(33,'o9jX-jmmIe1tPwzv_hPLPg7iEUXw','wechat','{\"openid\":\"o9jX-jmmIe1tPwzv_hPLPg7iEUXw\",\"nickname\":\"\\u9648\\u6c47\\u6c11\",\"sex\":1,\"language\":\"zh_CN\",\"city\":\"\\u682a\\u6d32\",\"province\":\"\\u6e56\\u5357\",\"country\":\"\\u4e2d\\u56fd\",\"headimgurl\":\"http:\\/\\/wx.qlogo.cn\\/mmopen\\/PiajxSqBRaEIeObrDUu59h18BJUzKJ0kycjYse3PycsphhVwNuIKnqtmHykGlVT0ibdpZiaRFCwXzWfuhz3OlbiarQ\\/0\",\"privilege\":[]}','2015-10-20 06:01:55','2015-10-24 14:59:23','陈汇民','http://wx.qlogo.cn/mmopen/PiajxSqBRaEIeObrDUu59h18BJUzKJ0kycjYse3PycsphhVwNuIKnqtmHykGlVT0ibdpZiaRFCwXzWfuhz3OlbiarQ/0'),(34,'o9jX-jmaJWK2y3r0OSYtPFykm4VU','wechat','{\"openid\":\"o9jX-jmaJWK2y3r0OSYtPFykm4VU\",\"nickname\":\"\\u6d69\\u7136\\u5c71\\u6c34\",\"sex\":1,\"language\":\"zh_CN\",\"city\":\"\\u6df1\\u5733\",\"province\":\"\\u5e7f\\u4e1c\",\"country\":\"\\u4e2d\\u56fd\",\"headimgurl\":\"http:\\/\\/wx.qlogo.cn\\/mmopen\\/9ibo9o3rXUTXwB5vt2WdHH6bvCdGDQwEA6R7qAicjO9n28P1UYh7qOS8pytvVnd05KkFgwOjQUUfZia8iaXlIKnEiaw3EjaBBiciaHI\\/0\",\"privilege\":[]}','2015-10-20 07:47:21','2015-10-24 10:34:42','浩然山水','http://wx.qlogo.cn/mmopen/9ibo9o3rXUTXwB5vt2WdHH6bvCdGDQwEA6R7qAicjO9n28P1UYh7qOS8pytvVnd05KkFgwOjQUUfZia8iaXlIKnEiaw3EjaBBiciaHI/0'),(35,'o9jX-jvaxJKJRR-96__DjbFKGIDc','wechat','{\"openid\":\"o9jX-jvaxJKJRR-96__DjbFKGIDc\",\"nickname\":\"\\u7530\\u731b\",\"sex\":1,\"language\":\"zh_CN\",\"city\":\"\\u6df1\\u5733\",\"province\":\"\\u5e7f\\u4e1c\",\"country\":\"\\u4e2d\\u56fd\",\"headimgurl\":\"http:\\/\\/wx.qlogo.cn\\/mmopen\\/5GHg41aOKzWn6ZQ58M9WAQFE9n9NjIHdNUecZLsCLZrs1HhlI5wZuooiaHhdWC2jYdhDR5dCHPUNeKeRC2icwO8yBAU8bcF1UB\\/0\",\"privilege\":[]}','2015-10-20 07:48:46','2015-10-20 15:48:46','田猛','http://wx.qlogo.cn/mmopen/5GHg41aOKzWn6ZQ58M9WAQFE9n9NjIHdNUecZLsCLZrs1HhlI5wZuooiaHhdWC2jYdhDR5dCHPUNeKeRC2icwO8yBAU8bcF1UB/0'),(36,'o9jX-jounhdv7UPKFlJUPN-ciaI8','wechat','{\"openid\":\"o9jX-jounhdv7UPKFlJUPN-ciaI8\",\"nickname\":\"\\u9ad8\\u5fd7\",\"sex\":1,\"language\":\"zh_CN\",\"city\":\"\\u6df1\\u5733\",\"province\":\"\\u5e7f\\u4e1c\",\"country\":\"\\u4e2d\\u56fd\",\"headimgurl\":\"http:\\/\\/wx.qlogo.cn\\/mmopen\\/9ibo9o3rXUTWEuXDCTSdDtY1o4DDjDicge1nRIwnm2iaOWSaDwNd1XChIEjcn3SibbwXdnVia4SZ8zkJ3oiakpia6ibCcWOGJsfzerxv\\/0\",\"privilege\":[\"chinaunicom\"]}','2015-10-20 07:56:04','2015-10-21 16:39:50','高志','http://wx.qlogo.cn/mmopen/9ibo9o3rXUTWEuXDCTSdDtY1o4DDjDicge1nRIwnm2iaOWSaDwNd1XChIEjcn3SibbwXdnVia4SZ8zkJ3oiakpia6ibCcWOGJsfzerxv/0'),(37,'o9jX-juoWcU7xI_OethdaIvjZKQk','wechat','{\"openid\":\"o9jX-juoWcU7xI_OethdaIvjZKQk\",\"nickname\":\"\\u6797\\u7f3a\\u7f3a\",\"sex\":1,\"language\":\"zh_CN\",\"city\":\"\\u6210\\u90fd\",\"province\":\"\\u56db\\u5ddd\",\"country\":\"\\u4e2d\\u56fd\",\"headimgurl\":\"http:\\/\\/wx.qlogo.cn\\/mmopen\\/5GHg41aOKzWn6ZQ58M9WAQxfOILsQAojiaCGktpJFkqVUlBd9iatW0hdH2ZqPibu31Gmzw8tKGnCHqT8e9ia0XgRB2FgV5wItuht\\/0\",\"privilege\":[]}','2015-10-25 06:32:14','2015-10-25 14:32:14','林缺缺','http://wx.qlogo.cn/mmopen/5GHg41aOKzWn6ZQ58M9WAQxfOILsQAojiaCGktpJFkqVUlBd9iatW0hdH2ZqPibu31Gmzw8tKGnCHqT8e9ia0XgRB2FgV5wItuht/0'),(38,'o9jX-jt6Qko-NQFcbhlXn3M5dBVo','wechat','{\"openid\":\"o9jX-jt6Qko-NQFcbhlXn3M5dBVo\",\"nickname\":\"aceyeming\",\"sex\":1,\"language\":\"zh_CN\",\"city\":\"\\u6df1\\u5733\",\"province\":\"\\u5e7f\\u4e1c\",\"country\":\"\\u4e2d\\u56fd\",\"headimgurl\":\"http:\\/\\/wx.qlogo.cn\\/mmopen\\/PiajxSqBRaEKictic9osEnbpqLAkyDiaZYwwzvlw5ahhrdVnuicpSAtw8AmiaIq8fJaZ6bRjSqbpgdjyKgICb1qxvDZw\\/0\",\"privilege\":[\"chinaunicom\"]}','2015-11-04 01:38:30','2015-11-04 09:38:30','aceyeming','http://wx.qlogo.cn/mmopen/PiajxSqBRaEKictic9osEnbpqLAkyDiaZYwwzvlw5ahhrdVnuicpSAtw8AmiaIq8fJaZ6bRjSqbpgdjyKgICb1qxvDZw/0');
/*!40000 ALTER TABLE `users` ENABLE KEYS */;
UNLOCK TABLES;
/*!40103 SET TIME_ZONE=@OLD_TIME_ZONE */;

/*!40101 SET SQL_MODE=@OLD_SQL_MODE */;
/*!40014 SET FOREIGN_KEY_CHECKS=@OLD_FOREIGN_KEY_CHECKS */;
/*!40014 SET UNIQUE_CHECKS=@OLD_UNIQUE_CHECKS */;
/*!40101 SET CHARACTER_SET_CLIENT=@OLD_CHARACTER_SET_CLIENT */;
/*!40101 SET CHARACTER_SET_RESULTS=@OLD_CHARACTER_SET_RESULTS */;
/*!40101 SET COLLATION_CONNECTION=@OLD_COLLATION_CONNECTION */;
/*!40111 SET SQL_NOTES=@OLD_SQL_NOTES */;

-- Dump completed on 2015-11-09 18:48:33
